Company Name,Website URL,Rating,Reviews,Location,Hourly Rate,Min Project Size,Employees,Clutch Profile
N/A,https://r.clutch.co/redirect?analyticsjs=true&category=Blockchain&content_group=directory&debug_mode=false&event_category=visit_website&event_label=560768&from_page=https%3A%2F%2Fclutch.co%2Fdevelopers%2Fblockchain&is_sponsor=true&keyword=Blockchain&link_type=sponsor&no_click=1&page_canonical_id=1044000000000&page_location=https%3A%2F%2Fclutch.co%2Fdevelopers%2Fblockchain&page_number=0&page_type=directory&pid=560768&position=1&source=directory&trace_id=9cc2550d8d7247be&transport_url=https%3A%2F%2Fg.clutch.co&u=https%3A%2F%2Ftechalchemy.com%2Flp%2Fblockchain%2F%3Futm_source%3Dclutch.co%26utm_medium%3Dreferral%26utm_campaign%3Ddevelopers-blockchain,N/A,N/A,N/A,$25 - $49 / hr,"$25,000+",N/A,N/A
N/A,https://r.clutch.co/redirect?analyticsjs=true&category=Blockchain&content_group=directory&debug_mode=false&event_category=visit_website&event_label=574943&from_page=https%3A%2F%2Fclutch.co%2Fdevelopers%2Fblockchain&is_sponsor=true&keyword=Blockchain&link_type=sponsor&no_click=1&page_canonical_id=1044000000000&page_location=https%3A%2F%2Fclutch.co%2Fdevelopers%2Fblockchain&page_number=0&page_type=directory&pid=574943&position=2&source=directory&trace_id=9cc2550d8d7247be&transport_url=https%3A%2F%2Fg.clutch.co&u=https%3A%2F%2Fpeiko.space%3Futm_source%3Dclutch.co%26utm_medium%3Dreferral%26utm_campaign%3Ddevelopers-blockchain,N/A,N/A,N/A,$25 - $49 / hr,"$10,000+",N/A,N/A
N/A,https://r.clutch.co/redirect?analyticsjs=true&category=Blockchain&content_group=directory&debug_mode=false&event_category=visit_website&event_label=1074211&from_page=https%3A%2F%2Fclutch.co%2Fdevelopers%2Fblockchain&is_sponsor=true&keyword=Blockchain&link_type=sponsor&no_click=1&page_canonical_id=1044000000000&page_location=https%3A%2F%2Fclutch.co%2Fdevelopers%2Fblockchain&page_number=0&page_type=directory&pid=1074211&position=3&source=directory&trace_id=9cc2550d8d7247be&transport_url=https%3A%2F%2Fg.clutch.co&u=https%3A%2F%2Fspacedev.io%3Futm_source%3Dclutch.co%26utm_medium%3Dreferral%26utm_campaign%3Ddevelopers-blockchain,N/A,N/A,N/A,$50 - $99 / hr,"$25,000+",N/A,N/A
N/A,https://r.clutch.co/redirect?analyticsjs=true&category=Blockchain&content_group=directory&debug_mode=false&event_category=visit_website&event_label=99261&from_page=https%3A%2F%2Fclutch.co%2Fdevelopers%2Fblockchain&is_sponsor=true&keyword=Blockchain&link_type=sponsor&no_click=1&page_canonical_id=1044000000000&page_location=https%3A%2F%2Fclutch.co%2Fdevelopers%2Fblockchain&page_number=0&page_type=directory&pid=99261&position=4&source=directory&trace_id=9cc2550d8d7247be&transport_url=https%3A%2F%2Fg.clutch.co&u=https%3A%2F%2Fnetsetsoftware.com%2Fservices%2Fblockchain-development-company.html%3Futm_source%3Dclutch.co%26utm_medium%3Dreferral%26utm_campaign%3Ddevelopers-blockchain,N/A,N/A,N/A,$25 - $49 / hr,"$10,000+",N/A,N/A
N/A,https://r.clutch.co/redirect?analyticsjs=true&category=Blockchain&content_group=directory&debug_mode=false&event_category=visit_website&event_label=1276050&from_page=https%3A%2F%2Fclutch.co%2Fdevelopers%2Fblockchain&is_sponsor=true&keyword=Blockchain&link_type=sponsor&no_click=1&page_canonical_id=1044000000000&page_location=https%3A%2F%2Fclutch.co%2Fdevelopers%2Fblockchain&page_number=0&page_type=directory&pid=1276050&position=5&source=directory&trace_id=9cc2550d8d7247be&transport_url=https%3A%2F%2Fg.clutch.co&u=https%3A%2F%2Fevacodes.com%2F%3Futm_source%3Dclutch.co%26utm_medium%3Dreferral%26utm_campaign%3Ddevelopers-blockchain,N/A,N/A,N/A,$25 - $49 / hr,"$25,000+",N/A,N/A
N/A,https://r.clutch.co/redirect?analyticsjs=true&category=Blockchain&content_group=directory&debug_mode=false&event_category=visit_website&event_label=938795&from_page=https%3A%2F%2Fclutch.co%2Fdevelopers%2Fblockchain&is_sponsor=true&keyword=Blockchain&link_type=sponsor&no_click=1&page_canonical_id=1044000000000&page_location=https%3A%2F%2Fclutch.co%2Fdevelopers%2Fblockchain&page_number=0&page_type=directory&pid=938795&position=6&source=directory&trace_id=9cc2550d8d7247be&transport_url=https%3A%2F%2Fg.clutch.co&u=https%3A%2F%2Flabrys.io%2F%3Futm_source%3Dclutch.co%26utm_medium%3Dreferral%26utm_campaign%3Ddevelopers-blockchain,N/A,N/A,N/A,$100 - $149 / hr,"$10,000+",N/A,N/A
N/A,https://r.clutch.co/redirect?analyticsjs=true&category=Blockchain&content_group=directory&debug_mode=false&event_category=visit_website&event_label=1688784&from_page=https%3A%2F%2Fclutch.co%2Fdevelopers%2Fblockchain&is_sponsor=true&keyword=Blockchain&link_type=sponsor&no_click=1&page_canonical_id=1044000000000&page_location=https%3A%2F%2Fclutch.co%2Fdevelopers%2Fblockchain&page_number=0&page_type=directory&pid=1688784&position=7&source=directory&trace_id=9cc2550d8d7247be&transport_url=https%3A%2F%2Fg.clutch.co&u=https%3A%2F%2Fredduck.io%2F%3Futm_source%3Dclutch.co%26utm_medium%3Dreferral%26utm_campaign%3Ddevelopers-blockchain,N/A,N/A,N/A,$50 - $99 / hr,"$10,000+",N/A,N/A
N/A,https://r.clutch.co/redirect?analyticsjs=true&category=Blockchain&content_group=directory&debug_mode=false&event_category=visit_website&event_label=2083479&from_page=https%3A%2F%2Fclutch.co%2Fdevelopers%2Fblockchain&is_sponsor=true&keyword=Blockchain&link_type=sponsor&no_click=1&page_canonical_id=1044000000000&page_location=https%3A%2F%2Fclutch.co%2Fdevelopers%2Fblockchain&page_number=0&page_type=directory&pid=2083479&position=8&source=directory&trace_id=9cc2550d8d7247be&transport_url=https%3A%2F%2Fg.clutch.co&u=https%3A%2F%2Fhola.tech%3Futm_source%3Dclutch.co%26utm_medium%3Dreferral%26utm_campaign%3Ddevelopers-blockchain,N/A,N/A,N/A,$25 - $49 / hr,"$5,000+",N/A,N/A
N/A,https://r.clutch.co/redirect?analyticsjs=true&category=Blockchain&content_group=directory&debug_mode=false&event_category=visit_website&event_label=71994&from_page=https%3A%2F%2Fclutch.co%2Fdevelopers%2Fblockchain&is_sponsor=true&keyword=Blockchain&link_type=sponsor&no_click=1&page_canonical_id=1044000000000&page_location=https%3A%2F%2Fclutch.co%2Fdevelopers%2Fblockchain&page_number=0&page_type=directory&pid=71994&position=9&source=directory&trace_id=9cc2550d8d7247be&transport_url=https%3A%2F%2Fg.clutch.co&u=https%3A%2F%2Fpixelplex.io%2F%3Futm_source%3Dclutch%26utm_medium%3Dreferral%26utm_campaign%3Ddevelopers-blockchain,N/A,N/A,N/A,$50 - $99 / hr,"$25,000+",N/A,N/A
N/A,https://r.clutch.co/redirect?analyticsjs=true&category=Blockchain&content_group=directory&debug_mode=false&event_category=visit_website&event_label=785473&from_page=https%3A%2F%2Fclutch.co%2Fdevelopers%2Fblockchain&is_sponsor=true&keyword=Blockchain&link_type=sponsor&no_click=1&page_canonical_id=1044000000000&page_location=https%3A%2F%2Fclutch.co%2Fdevelopers%2Fblockchain&page_number=0&page_type=directory&pid=785473&position=10&source=directory&trace_id=9cc2550d8d7247be&transport_url=https%3A%2F%2Fg.clutch.co&u=https%3A%2F%2Fomisoft.net%2F%3Futm_source%3Dclutch.co%26utm_medium%3Dreferral,N/A,N/A,N/A,$25 - $49 / hr,"$5,000+",N/A,N/A
N/A,https://r.clutch.co/redirect?analyticsjs=true&category=Blockchain&content_group=directory&debug_mode=false&event_category=visit_website&event_label=1697789&from_page=https%3A%2F%2Fclutch.co%2Fdevelopers%2Fblockchain&is_sponsor=true&keyword=Blockchain&link_type=sponsor&no_click=1&page_canonical_id=1044000000000&page_location=https%3A%2F%2Fclutch.co%2Fdevelopers%2Fblockchain&page_number=0&page_type=directory&pid=1697789&position=11&source=directory&trace_id=9cc2550d8d7247be&transport_url=https%3A%2F%2Fg.clutch.co&u=http%3A%2F%2Fthekrok.com%2F%3Futm_source%3Dclutch.co%26utm_medium%3Dreferral%26utm_campaign%3Ddirectory,N/A,N/A,N/A,$25 - $49 / hr,"$10,000+",N/A,N/A
N/A,https://r.clutch.co/redirect?analyticsjs=true&category=Blockchain&content_group=directory&debug_mode=false&event_category=visit_website&event_label=1843083&from_page=https%3A%2F%2Fclutch.co%2Fdevelopers%2Fblockchain&is_sponsor=true&keyword=Blockchain&link_type=sponsor&no_click=1&page_canonical_id=1044000000000&page_location=https%3A%2F%2Fclutch.co%2Fdevelopers%2Fblockchain&page_number=0&page_type=directory&pid=1843083&position=12&source=directory&trace_id=9cc2550d8d7247be&transport_url=https%3A%2F%2Fg.clutch.co&u=https%3A%2F%2Fsuperscriptsystems.com%2F%3Futm_medium%3Dclutch_referral_profile,N/A,N/A,N/A,$50 - $99 / hr,"$50,000+",N/A,N/A
N/A,https://r.clutch.co/redirect?analyticsjs=true&category=Blockchain&content_group=directory&debug_mode=false&event_category=visit_website&event_label=477653&featured_listing_id=12&from_page=https%3A%2F%2Fclutch.co%2Fdevelopers%2Fblockchain&is_sponsor=true&keyword=Blockchain&link_type=featured&no_click=1&page_canonical_id=1044000000000&page_location=https%3A%2F%2Fclutch.co%2Fdevelopers%2Fblockchain&page_number=0&page_type=directory&pid=477653&position=1&source=directory&trace_id=9cc2550d8d7247be&transport_url=https%3A%2F%2Fg.clutch.co&u=https%3A%2F%2Fppc.clutch.co%2Fppc%2Fclick%2F%3Fs%3DeyJkZWNpc2lvbl9pZCI6IjIyZmU4ZTBiLWI2ZWQtNDM5Mi1iN2I5LWU1MWYxMWQ3YzcwOSIsImltcHJlc3Npb25faWQiOiJjMmRkMmJmMC02NGZlLTQzNzctYTBiMC00NzEzNTBjMTM5Y2IiLCJwcm92aWRlcl9pZCI6NDc3NjUzLCJmZWF0dXJlZF9saXN0aW5nX2lkIjoxMiwiZmVhdHVyZWRfcG9zaXRpb25faWQiOjI0MDAyMCwicG9zaXRpb24iOjEsImlzX3Nwb3RsaWdodCI6ZmFsc2V9%3A1vq5CS%3AEQMTKEscWl24ex9aSyR6Cz2nUsc1iCMk5XuqNWirOAM,N/A,N/A,N/A,$50 - $99 / hr,"$10,000+",N/A,N/A
N/A,https://r.clutch.co/redirect?analyticsjs=true&category=Blockchain&content_group=directory&debug_mode=false&event_category=visit_website&event_label=1688784&featured_listing_id=12&from_page=https%3A%2F%2Fclutch.co%2Fdevelopers%2Fblockchain&is_sponsor=true&keyword=Blockchain&link_type=featured&no_click=1&page_canonical_id=1044000000000&page_location=https%3A%2F%2Fclutch.co%2Fdevelopers%2Fblockchain&page_number=0&page_type=directory&pid=1688784&position=2&source=directory&trace_id=9cc2550d8d7247be&transport_url=https%3A%2F%2Fg.clutch.co&u=https%3A%2F%2Fppc.clutch.co%2Fppc%2Fclick%2F%3Fs%3DeyJkZWNpc2lvbl9pZCI6IjIyZmU4ZTBiLWI2ZWQtNDM5Mi1iN2I5LWU1MWYxMWQ3YzcwOSIsImltcHJlc3Npb25faWQiOiJlNmNiNmI3MC03ZTA4LTQ2YjAtODMxOC04Y2UxYjU5Y2U1NWYiLCJwcm92aWRlcl9pZCI6MTY4ODc4NCwiZmVhdHVyZWRfbGlzdGluZ19pZCI6MTIsImZlYXR1cmVkX3Bvc2l0aW9uX2lkIjoyMzg3NTEsInBvc2l0aW9uIjoyLCJpc19zcG90bGlnaHQiOmZhbHNlfQ%3A1vq5CS%3AXF8kOfGMJ5_X2Apm4t1KopNg_e3u84hTz424T18hamw,N/A,N/A,N/A,$50 - $99 / hr,"$10,000+",N/A,N/A
N/A,https://r.clutch.co/redirect?analyticsjs=true&category=Blockchain&content_group=directory&debug_mode=false&event_category=visit_website&event_label=560768&featured_listing_id=12&from_page=https%3A%2F%2Fclutch.co%2Fdevelopers%2Fblockchain&is_sponsor=true&keyword=Blockchain&link_type=featured&no_click=1&page_canonical_id=1044000000000&page_location=https%3A%2F%2Fclutch.co%2Fdevelopers%2Fblockchain&page_number=0&page_type=directory&pid=560768&position=3&source=directory&trace_id=9cc2550d8d7247be&transport_url=https%3A%2F%2Fg.clutch.co&u=https%3A%2F%2Fppc.clutch.co%2Fppc%2Fclick%2F%3Fs%3DeyJkZWNpc2lvbl9pZCI6IjIyZmU4ZTBiLWI2ZWQtNDM5Mi1iN2I5LWU1MWYxMWQ3YzcwOSIsImltcHJlc3Npb25faWQiOiJiOTU5MDE1Yi1jY2JjLTQ4NjMtOWViNi03MjA0ZGRiM2QzN2MiLCJwcm92aWRlcl9pZCI6NTYwNzY4LCJmZWF0dXJlZF9saXN0aW5nX2lkIjoxMiwiZmVhdHVyZWRfcG9zaXRpb25faWQiOjIzODQzNSwicG9zaXRpb24iOjMsImlzX3Nwb3RsaWdodCI6ZmFsc2V9%3A1vq5CS%3AV-BNDnsTT_mxbKpxs_m93q-HXAPRiu8QViCcewkgK-Y,N/A,N/A,N/A,$25 - $49 / hr,"$25,000+",N/A,N/A
N/A,https://r.clutch.co/redirect?analyticsjs=true&category=Blockchain&content_group=directory&debug_mode=false&event_category=visit_website&event_label=30721&from_page=https%3A%2F%2Fclutch.co%2Fdevelopers%2Fblockchain&is_sponsor=false&keyword=Blockchain&no_click=1&page_canonical_id=1044000000000&page_location=https%3A%2F%2Fclutch.co%2Fdevelopers%2Fblockchain&page_number=0&page_type=directory&pid=30721&position=13&source=directory&trace_id=9cc2550d8d7247be&transport_url=https%3A%2F%2Fg.clutch.co&u=https%3A%2F%2Fwww.4soft.co%2Fblockchain%3Futm_source%3Dclutch.co%26utm_medium%3Dreferral%26utm_campaign%3Ddevelopers-blockchain,N/A,N/A,N/A,$50 - $99 / hr,"$10,000+",N/A,N/A
N/A,https://r.clutch.co/redirect?analyticsjs=true&category=Blockchain&content_group=directory&debug_mode=false&event_category=visit_website&event_label=46334&from_page=https%3A%2F%2Fclutch.co%2Fdevelopers%2Fblockchain&is_sponsor=false&keyword=Blockchain&no_click=1&page_canonical_id=1044000000000&page_location=https%3A%2F%2Fclutch.co%2Fdevelopers%2Fblockchain&page_number=0&page_type=directory&pid=46334&position=14&source=directory&trace_id=9cc2550d8d7247be&transport_url=https%3A%2F%2Fg.clutch.co&u=https%3A%2F%2Fdevtechnosys.com%2Fblockchain-development-company.php,N/A,N/A,N/A,$25 - $49 / hr,"$10,000+",N/A,N/A
N/A,https://r.clutch.co/redirect?analyticsjs=true&category=Blockchain&content_group=directory&debug_mode=false&event_category=visit_website&event_label=347297&featured_listing_id=12&from_page=https%3A%2F%2Fclutch.co%2Fdevelopers%2Fblockchain&is_sponsor=true&keyword=Blockchain&link_type=featured&no_click=1&page_canonical_id=1044000000000&page_location=https%3A%2F%2Fclutch.co%2Fdevelopers%2Fblockchain&page_number=0&page_type=directory&pid=347297&position=4&source=directory&trace_id=9cc2550d8d7247be&transport_url=https%3A%2F%2Fg.clutch.co&u=https%3A%2F%2Fppc.clutch.co%2Fppc%2Fclick%2F%3Fs%3DeyJkZWNpc2lvbl9pZCI6IjIyZmU4ZTBiLWI2ZWQtNDM5Mi1iN2I5LWU1MWYxMWQ3YzcwOSIsImltcHJlc3Npb25faWQiOiIyMTA1Mjg3ZC0yNDg2LTRkYWUtODc2Mi1hNTAwOThmZDA1NjIiLCJwcm92aWRlcl9pZCI6MzQ3Mjk3LCJmZWF0dXJlZF9saXN0aW5nX2lkIjoxMiwiZmVhdHVyZWRfcG9zaXRpb25faWQiOjI2MjQzNSwicG9zaXRpb24iOjQsImlzX3Nwb3RsaWdodCI6ZmFsc2V9%3A1vq5CS%3ABhfWtPfi6pc8g6JSahwna_Ri7VLR3NP82iY0JVfAQls,N/A,N/A,N/A,$50 - $99 / hr,"$50,000+",N/A,N/A
N/A,https://r.clutch.co/redirect?analyticsjs=true&category=Blockchain&content_group=directory&debug_mode=false&event_category=visit_website&event_label=488176&from_page=https%3A%2F%2Fclutch.co%2Fdevelopers%2Fblockchain&is_sponsor=false&keyword=Blockchain&no_click=1&page_canonical_id=1044000000000&page_location=https%3A%2F%2Fclutch.co%2Fdevelopers%2Fblockchain&page_number=0&page_type=directory&pid=488176&position=15&source=directory&trace_id=9cc2550d8d7247be&transport_url=https%3A%2F%2Fg.clutch.co&u=https%3A%2F%2Fwebisoft.com%2Fblockchain-development%3Futm_source%3Dclutch.co%26utm_medium%3Dreferral%26utm_campaign%3Dtop-blockchain-companies,N/A,N/A,N/A,$50 - $99 / hr,"$5,000+",N/A,N/A
N/A,https://r.clutch.co/redirect?analyticsjs=true&category=Blockchain&content_group=directory&debug_mode=false&event_category=visit_website&event_label=980897&from_page=https%3A%2F%2Fclutch.co%2Fdevelopers%2Fblockchain&is_sponsor=false&keyword=Blockchain&no_click=1&page_canonical_id=1044000000000&page_location=https%3A%2F%2Fclutch.co%2Fdevelopers%2Fblockchain&page_number=0&page_type=directory&pid=980897&position=16&source=directory&trace_id=9cc2550d8d7247be&transport_url=https%3A%2F%2Fg.clutch.co&u=https%3A%2F%2Fwww.nadcab.com%3Futm_source%3Dclutch.co%26utm_medium%3Dreferral%26utm_campaign%3Ddevelopers-blockchain,N/A,N/A,N/A,$25 - $49 / hr,"$1,000+",N/A,N/A
N/A,https://r.clutch.co/redirect?analyticsjs=true&category=Blockchain&content_group=directory&debug_mode=false&event_category=visit_website&event_label=1991025&from_page=https%3A%2F%2Fclutch.co%2Fdevelopers%2Fblockchain&is_sponsor=false&keyword=Blockchain&no_click=1&page_canonical_id=1044000000000&page_location=https%3A%2F%2Fclutch.co%2Fdevelopers%2Fblockchain&page_number=0&page_type=directory&pid=1991025&position=17&source=directory&trace_id=9cc2550d8d7247be&transport_url=https%3A%2F%2Fg.clutch.co&u=https%3A%2F%2Fsynodus.com%2F%3Futm_source%3Dclutch.co%26utm_medium%3Dreferral%26utm_campaign%3Ddevelopers-blockchain,N/A,N/A,N/A,< $25 / hr,"$5,000+",N/A,N/A
N/A,https://r.clutch.co/redirect?analyticsjs=true&category=Blockchain&content_group=directory&debug_mode=false&event_category=visit_website&event_label=537944&from_page=https%3A%2F%2Fclutch.co%2Fdevelopers%2Fblockchain&is_sponsor=false&keyword=Blockchain&no_click=1&page_canonical_id=1044000000000&page_location=https%3A%2F%2Fclutch.co%2Fdevelopers%2Fblockchain&page_number=0&page_type=directory&pid=537944&position=18&source=directory&trace_id=9cc2550d8d7247be&transport_url=https%3A%2F%2Fg.clutch.co&u=https%3A%2F%2Fnewwavesolution.com%2Femerging-technology%2Fblockchain-development-services%2F%3Futm_source%3Dclutch.co%26utm_medium%3Dreferral%26utm_campaign%3Dclutch_blockchain%26utm_content%3Dtop_blockchain_companies,N/A,N/A,N/A,< $25 / hr,"$5,000+",N/A,N/A
N/A,https://r.clutch.co/redirect?analyticsjs=true&category=Blockchain&content_group=directory&debug_mode=false&event_category=visit_website&event_label=80203&from_page=https%3A%2F%2Fclutch.co%2Fdevelopers%2Fblockchain&is_sponsor=false&keyword=Blockchain&no_click=1&page_canonical_id=1044000000000&page_location=https%3A%2F%2Fclutch.co%2Fdevelopers%2Fblockchain&page_number=0&page_type=directory&pid=80203&position=19&source=directory&trace_id=9cc2550d8d7247be&transport_url=https%3A%2F%2Fg.clutch.co&u=https%3A%2F%2Fventionteams.com%2F%3Futm_source%3Dclutch%26utm_medium%3Dreferral%26utm_campaign%3Dprofile,N/A,N/A,N/A,$50 - $99 / hr,"$25,000+",N/A,N/A
N/A,https://r.clutch.co/redirect?analyticsjs=true&category=Blockchain&content_group=directory&debug_mode=false&event_category=visit_website&event_label=477653&from_page=https%3A%2F%2Fclutch.co%2Fdevelopers%2Fblockchain&is_sponsor=false&keyword=Blockchain&no_click=1&page_canonical_id=1044000000000&page_location=https%3A%2F%2Fclutch.co%2Fdevelopers%2Fblockchain&page_number=0&page_type=directory&pid=477653&position=20&source=directory&trace_id=9cc2550d8d7247be&transport_url=https%3A%2F%2Fg.clutch.co&u=https%3A%2F%2Finnowise.com%2Fservices%2Fblockchain%2F%3Futm_source%3Dclutch.co%26utm_medium%3Dreferral%26utm_campaign%3Ddevelopers-blockchain,N/A,N/A,N/A,$50 - $99 / hr,"$10,000+",N/A,N/A
N/A,https://r.clutch.co/redirect?analyticsjs=true&category=Blockchain&content_group=directory&debug_mode=false&event_category=visit_website&event_label=27385&from_page=https%3A%2F%2Fclutch.co%2Fdevelopers%2Fblockchain&is_sponsor=false&keyword=Blockchain&no_click=1&page_canonical_id=1044000000000&page_location=https%3A%2F%2Fclutch.co%2Fdevelopers%2Fblockchain&page_number=0&page_type=directory&pid=27385&position=21&source=directory&trace_id=9cc2550d8d7247be&transport_url=https%3A%2F%2Fg.clutch.co&u=https%3A%2F%2Fwww.quytech.com%2Fblockchain-development-company.php%3Futm_source%3Dclutch.co%26utm_medium%3Dreferral%26utm_campaign%3Ddevelopers-blockchain,N/A,N/A,N/A,< $25 / hr,"$25,000+",N/A,N/A
N/A,https://r.clutch.co/redirect?analyticsjs=true&category=Blockchain&content_group=directory&debug_mode=false&event_category=visit_website&event_label=678629&from_page=https%3A%2F%2Fclutch.co%2Fdevelopers%2Fblockchain&is_sponsor=false&keyword=Blockchain&no_click=1&page_canonical_id=1044000000000&page_location=https%3A%2F%2Fclutch.co%2Fdevelopers%2Fblockchain&page_number=0&page_type=directory&pid=678629&position=22&source=directory&trace_id=9cc2550d8d7247be&transport_url=https%3A%2F%2Fg.clutch.co&u=https%3A%2F%2Fideausher.com%2F,N/A,N/A,N/A,$50 - $99 / hr,"$25,000+",N/A,N/A
N/A,https://r.clutch.co/redirect?analyticsjs=true&category=Blockchain&content_group=directory&debug_mode=false&event_category=visit_website&event_label=25248&from_page=https%3A%2F%2Fclutch.co%2Fdevelopers%2Fblockchain&is_sponsor=false&keyword=Blockchain&no_click=1&page_canonical_id=1044000000000&page_location=https%3A%2F%2Fclutch.co%2Fdevelopers%2Fblockchain&page_number=0&page_type=directory&pid=25248&position=23&source=directory&trace_id=9cc2550d8d7247be&transport_url=https%3A%2F%2Fg.clutch.co&u=https%3A%2F%2Fcheesecakelabs.com%2Fservices%2Fblockchain%2F%3Futm_source%3Dclutch.co%26utm_medium%3Dreferral%26utm_campaign%3Ddevelopers-blockchain,N/A,N/A,N/A,$50 - $99 / hr,"$50,000+",N/A,N/A
N/A,https://r.clutch.co/redirect?analyticsjs=true&category=Blockchain&content_group=directory&debug_mode=false&event_category=visit_website&event_label=826452&from_page=https%3A%2F%2Fclutch.co%2Fdevelopers%2Fblockchain&is_sponsor=false&keyword=Blockchain&no_click=1&page_canonical_id=1044000000000&page_location=https%3A%2F%2Fclutch.co%2Fdevelopers%2Fblockchain&page_number=0&page_type=directory&pid=826452&position=24&source=directory&trace_id=9cc2550d8d7247be&transport_url=https%3A%2F%2Fg.clutch.co&u=https%3A%2F%2Fwww.raininfotech.com%3Futm_source%3Dclutch.co%26utm_medium%3Dreferral%26utm_campaign%3Ddevelopers-blockchain,N/A,N/A,N/A,$25 - $49 / hr,"$1,000+",N/A,N/A
N/A,https://r.clutch.co/redirect?analyticsjs=true&category=Blockchain&content_group=directory&debug_mode=false&event_category=visit_website&event_label=490146&from_page=https%3A%2F%2Fclutch.co%2Fdevelopers%2Fblockchain&is_sponsor=false&keyword=Blockchain&no_click=1&page_canonical_id=1044000000000&page_location=https%3A%2F%2Fclutch.co%2Fdevelopers%2Fblockchain&page_number=0&page_type=directory&pid=490146&position=25&source=directory&trace_id=9cc2550d8d7247be&transport_url=https%3A%2F%2Fg.clutch.co&u=https%3A%2F%2Frocketech.it%2Fsoftware-development%2F%3Futm_source%3Dclutch.co%26utm_medium%3Dreferral,N/A,N/A,N/A,$25 - $49 / hr,"$5,000+",N/A,N/A
N/A,https://r.clutch.co/redirect?analyticsjs=true&category=Blockchain&content_group=directory&debug_mode=false&event_category=visit_website&event_label=41443&from_page=https%3A%2F%2Fclutch.co%2Fdevelopers%2Fblockchain&is_sponsor=false&keyword=Blockchain&no_click=1&page_canonical_id=1044000000000&page_location=https%3A%2F%2Fclutch.co%2Fdevelopers%2Fblockchain&page_number=0&page_type=directory&pid=41443&position=26&source=directory&trace_id=9cc2550d8d7247be&transport_url=https%3A%2F%2Fg.clutch.co&u=https%3A%2F%2Fartkai.io%2F%3Futm_source%3Dclutch,N/A,N/A,N/A,$50 - $99 / hr,"$25,000+",N/A,N/A
N/A,https://r.clutch.co/redirect?analyticsjs=true&category=Blockchain&content_group=directory&debug_mode=false&event_category=visit_website&event_label=1787582&from_page=https%3A%2F%2Fclutch.co%2Fdevelopers%2Fblockchain&is_sponsor=false&keyword=Blockchain&no_click=1&page_canonical_id=1044000000000&page_location=https%3A%2F%2Fclutch.co%2Fdevelopers%2Fblockchain&page_number=0&page_type=directory&pid=1787582&position=27&source=directory&trace_id=9cc2550d8d7247be&transport_url=https%3A%2F%2Fg.clutch.co&u=https%3A%2F%2Fjalasoft.com%2F%3Futm_source%3Dclutch.co%26utm_medium%3Dreferral%26utm_campaign%3Ddirectory,N/A,N/A,N/A,$25 - $49 / hr,"$100,000+",N/A,N/A
N/A,https://r.clutch.co/redirect?analyticsjs=true&category=Blockchain&content_group=directory&debug_mode=false&event_category=visit_website&event_label=38566&from_page=https%3A%2F%2Fclutch.co%2Fdevelopers%2Fblockchain&is_sponsor=false&keyword=Blockchain&no_click=1&page_canonical_id=1044000000000&page_location=https%3A%2F%2Fclutch.co%2Fdevelopers%2Fblockchain&page_number=0&page_type=directory&pid=38566&position=28&source=directory&trace_id=9cc2550d8d7247be&transport_url=https%3A%2F%2Fg.clutch.co&u=https%3A%2F%2Fdashbouquet.com%2Fclutch-global-leader%3Futm_source%3Dclutch.co%26utm_medium%3Dreferral%26utm_campaign%3Dprofile,N/A,N/A,N/A,$50 - $99 / hr,"$10,000+",N/A,N/A
N/A,https://r.clutch.co/redirect?analyticsjs=true&category=Blockchain&content_group=directory&debug_mode=false&event_category=visit_website&event_label=472046&from_page=https%3A%2F%2Fclutch.co%2Fdevelopers%2Fblockchain&is_sponsor=false&keyword=Blockchain&no_click=1&page_canonical_id=1044000000000&page_location=https%3A%2F%2Fclutch.co%2Fdevelopers%2Fblockchain&page_number=0&page_type=directory&pid=472046&position=29&source=directory&trace_id=9cc2550d8d7247be&transport_url=https%3A%2F%2Fg.clutch.co&u=https%3A%2F%2Faetsoft.net%2F%3Futm_source%3Dclutch.co%26utm_medium%3Dreferral%26utm_campaign%3Ddirectory,N/A,N/A,N/A,$50 - $99 / hr,"$10,000+",N/A,N/A
N/A,https://r.clutch.co/redirect?analyticsjs=true&category=Blockchain&content_group=directory&debug_mode=false&event_category=visit_website&event_label=1399974&from_page=https%3A%2F%2Fclutch.co%2Fdevelopers%2Fblockchain&is_sponsor=false&keyword=Blockchain&no_click=1&page_canonical_id=1044000000000&page_location=https%3A%2F%2Fclutch.co%2Fdevelopers%2Fblockchain&page_number=0&page_type=directory&pid=1399974&position=30&source=directory&trace_id=9cc2550d8d7247be&transport_url=https%3A%2F%2Fg.clutch.co&u=https%3A%2F%2Fancient.global%2Fen%2F,N/A,N/A,N/A,$25 - $49 / hr,"$10,000+",N/A,N/A
N/A,https://r.clutch.co/redirect?analyticsjs=true&category=Blockchain&content_group=directory&debug_mode=false&event_category=visit_website&event_label=1361027&from_page=https%3A%2F%2Fclutch.co%2Fdevelopers%2Fblockchain&is_sponsor=false&keyword=Blockchain&no_click=1&page_canonical_id=1044000000000&page_location=https%3A%2F%2Fclutch.co%2Fdevelopers%2Fblockchain&page_number=0&page_type=directory&pid=1361027&position=31&source=directory&trace_id=9cc2550d8d7247be&transport_url=https%3A%2F%2Fg.clutch.co&u=https%3A%2F%2Fnextrope.com%2F%3Futm_source%3Dclutch.co%26utm_medium%3Dreferral%26utm_campaign%3Ddevelopers-blockchain-clutch,N/A,N/A,N/A,$50 - $99 / hr,"$5,000+",N/A,N/A
N/A,https://r.clutch.co/redirect?analyticsjs=true&category=Blockchain&content_group=directory&debug_mode=false&event_category=visit_website&event_label=365134&from_page=https%3A%2F%2Fclutch.co%2Fdevelopers%2Fblockchain&is_sponsor=false&keyword=Blockchain&no_click=1&page_canonical_id=1044000000000&page_location=https%3A%2F%2Fclutch.co%2Fdevelopers%2Fblockchain&page_number=0&page_type=directory&pid=365134&position=32&source=directory&trace_id=9cc2550d8d7247be&transport_url=https%3A%2F%2Fg.clutch.co&u=https%3A%2F%2Fsapient.pro%2F%3Futm_source%3Dclutch.co%26utm_medium%3Dreferral%26utm_campaign%3Ddirectory,N/A,N/A,N/A,$25 - $49 / hr,"$5,000+",N/A,N/A
N/A,https://r.clutch.co/redirect?analyticsjs=true&category=Blockchain&content_group=directory&debug_mode=false&event_category=visit_website&event_label=1969048&from_page=https%3A%2F%2Fclutch.co%2Fdevelopers%2Fblockchain&is_sponsor=false&keyword=Blockchain&no_click=1&page_canonical_id=1044000000000&page_location=https%3A%2F%2Fclutch.co%2Fdevelopers%2Fblockchain&page_number=0&page_type=directory&pid=1969048&position=33&source=directory&trace_id=9cc2550d8d7247be&transport_url=https%3A%2F%2Fg.clutch.co&u=https%3A%2F%2Fflawlessmlm.com%2Fen%3Futm_source%3Dclutch,N/A,N/A,N/A,$25 - $49 / hr,"$5,000+",N/A,N/A
N/A,https://r.clutch.co/redirect?analyticsjs=true&category=Blockchain&content_group=directory&debug_mode=false&event_category=visit_website&event_label=865032&from_page=https%3A%2F%2Fclutch.co%2Fdevelopers%2Fblockchain&is_sponsor=false&keyword=Blockchain&no_click=1&page_canonical_id=1044000000000&page_location=https%3A%2F%2Fclutch.co%2Fdevelopers%2Fblockchain&page_number=0&page_type=directory&pid=865032&position=34&source=directory&trace_id=9cc2550d8d7247be&transport_url=https%3A%2F%2Fg.clutch.co&u=https%3A%2F%2Fwww.ironforge.co%2F%3Futm_source%3Dclutch.co%26utm_medium%3Dreferral%26utm_campaign%3Ddirectory,N/A,N/A,N/A,$150 - $199 / hr,"$25,000+",N/A,N/A
N/A,https://r.clutch.co/redirect?analyticsjs=true&category=Blockchain&content_group=directory&debug_mode=false&event_category=visit_website&event_label=1631678&from_page=https%3A%2F%2Fclutch.co%2Fdevelopers%2Fblockchain&is_sponsor=false&keyword=Blockchain&no_click=1&page_canonical_id=1044000000000&page_location=https%3A%2F%2Fclutch.co%2Fdevelopers%2Fblockchain&page_number=0&page_type=directory&pid=1631678&position=35&source=directory&trace_id=9cc2550d8d7247be&transport_url=https%3A%2F%2Fg.clutch.co&u=https%3A%2F%2Fsolwey.com%2F%3Futm_source%3Dclutch.co%26utm_medium%3Dreferral%26utm_campaign%3Ddirectory,N/A,N/A,N/A,$100 - $149 / hr,"$10,000+",N/A,N/A
N/A,https://r.clutch.co/redirect?analyticsjs=true&category=Blockchain&content_group=directory&debug_mode=false&event_category=visit_website&event_label=2452629&from_page=https%3A%2F%2Fclutch.co%2Fdevelopers%2Fblockchain&is_sponsor=false&keyword=Blockchain&no_click=1&page_canonical_id=1044000000000&page_location=https%3A%2F%2Fclutch.co%2Fdevelopers%2Fblockchain&page_number=0&page_type=directory&pid=2452629&position=36&source=directory&trace_id=9cc2550d8d7247be&transport_url=https%3A%2F%2Fg.clutch.co&u=https%3A%2F%2Fwww.chicmicstudios.in,N/A,N/A,N/A,$25 - $49 / hr,"$5,000+",N/A,N/A
N/A,https://r.clutch.co/redirect?analyticsjs=true&category=Blockchain&content_group=directory&debug_mode=false&event_category=visit_website&event_label=2113629&from_page=https%3A%2F%2Fclutch.co%2Fdevelopers%2Fblockchain&is_sponsor=false&keyword=Blockchain&no_click=1&page_canonical_id=1044000000000&page_location=https%3A%2F%2Fclutch.co%2Fdevelopers%2Fblockchain&page_number=0&page_type=directory&pid=2113629&position=37&source=directory&trace_id=9cc2550d8d7247be&transport_url=https%3A%2F%2Fg.clutch.co&u=https%3A%2F%2Fjlabs.team%2F%3Futm_source%3Dclutch.co%26utm_medium%3Dreferral%26utm_campaign%3Ddirectory,N/A,N/A,N/A,< $25 / hr,"$25,000+",N/A,N/A
N/A,https://r.clutch.co/redirect?analyticsjs=true&category=Blockchain&content_group=directory&debug_mode=false&event_category=visit_website&event_label=2482059&from_page=https%3A%2F%2Fclutch.co%2Fdevelopers%2Fblockchain&is_sponsor=false&keyword=Blockchain&no_click=1&page_canonical_id=1044000000000&page_location=https%3A%2F%2Fclutch.co%2Fdevelopers%2Fblockchain&page_number=0&page_type=directory&pid=2482059&position=38&source=directory&trace_id=9cc2550d8d7247be&transport_url=https%3A%2F%2Fg.clutch.co&u=https%3A%2F%2Fbeejern.com,N/A,N/A,N/A,$50 - $99 / hr,"$1,000+",N/A,N/A
N/A,https://r.clutch.co/redirect?analyticsjs=true&category=Blockchain&content_group=directory&debug_mode=false&event_category=visit_website&event_label=257115&from_page=https%3A%2F%2Fclutch.co%2Fdevelopers%2Fblockchain&is_sponsor=false&keyword=Blockchain&no_click=1&page_canonical_id=1044000000000&page_location=https%3A%2F%2Fclutch.co%2Fdevelopers%2Fblockchain&page_number=0&page_type=directory&pid=257115&position=39&source=directory&trace_id=9cc2550d8d7247be&transport_url=https%3A%2F%2Fg.clutch.co&u=https%3A%2F%2Fwww.avamae.co.uk,N/A,N/A,N/A,$100 - $149 / hr,"$25,000+",N/A,N/A
N/A,https://r.clutch.co/redirect?analyticsjs=true&category=Blockchain&content_group=directory&debug_mode=false&event_category=visit_website&event_label=2258558&from_page=https%3A%2F%2Fclutch.co%2Fdevelopers%2Fblockchain&is_sponsor=false&keyword=Blockchain&no_click=1&page_canonical_id=1044000000000&page_location=https%3A%2F%2Fclutch.co%2Fdevelopers%2Fblockchain&page_number=0&page_type=directory&pid=2258558&position=40&source=directory&trace_id=9cc2550d8d7247be&transport_url=https%3A%2F%2Fg.clutch.co&u=https%3A%2F%2Fwww.dot.co.id%2F%3Futm_source%3Dclutch.co%26utm_medium%3Dreferral%26utm_campaign%3Ddevelopers-blockchain,N/A,N/A,N/A,< $25 / hr,"$10,000+",N/A,N/A
N/A,https://r.clutch.co/redirect?analyticsjs=true&category=Blockchain&content_group=directory&debug_mode=false&event_category=visit_website&event_label=2461353&from_page=https%3A%2F%2Fclutch.co%2Fdevelopers%2Fblockchain&is_sponsor=false&keyword=Blockchain&no_click=1&page_canonical_id=1044000000000&page_location=https%3A%2F%2Fclutch.co%2Fdevelopers%2Fblockchain&page_number=0&page_type=directory&pid=2461353&position=41&source=directory&trace_id=9cc2550d8d7247be&transport_url=https%3A%2F%2Fg.clutch.co&u=https%3A%2F%2Fnkk.com.vn%2F%3Futm_source%3Dclutch.co%26utm_medium%3Dreferral%26utm_campaign%3Ddirectory,N/A,N/A,N/A,< $25 / hr,"$5,000+",N/A,N/A
N/A,https://r.clutch.co/redirect?analyticsjs=true&category=Blockchain&content_group=directory&debug_mode=false&event_category=visit_website&event_label=1815500&from_page=https%3A%2F%2Fclutch.co%2Fdevelopers%2Fblockchain&is_sponsor=false&keyword=Blockchain&no_click=1&page_canonical_id=1044000000000&page_location=https%3A%2F%2Fclutch.co%2Fdevelopers%2Fblockchain&page_number=0&page_type=directory&pid=1815500&position=42&source=directory&trace_id=9cc2550d8d7247be&transport_url=https%3A%2F%2Fg.clutch.co&u=https%3A%2F%2Fwondermakers.digital%2F%3Futm_source%3Dclutch%26utm_medium%3Dreferral%26utm_campaign%3Dcompany_profile,N/A,N/A,N/A,$100 - $149 / hr,"$25,000+",N/A,N/A
N/A,https://r.clutch.co/redirect?analyticsjs=true&category=Blockchain&content_group=directory&debug_mode=false&event_category=visit_website&event_label=563506&from_page=https%3A%2F%2Fclutch.co%2Fdevelopers%2Fblockchain&is_sponsor=false&keyword=Blockchain&no_click=1&page_canonical_id=1044000000000&page_location=https%3A%2F%2Fclutch.co%2Fdevelopers%2Fblockchain&page_number=0&page_type=directory&pid=563506&position=43&source=directory&trace_id=9cc2550d8d7247be&transport_url=https%3A%2F%2Fg.clutch.co&u=http%3A%2F%2Fwww.zarego.com%3Futm_source%3Dclutch.co%26utm_medium%3Dreferral%26utm_campaign%3Ddirectory,N/A,N/A,N/A,$25 - $49 / hr,"$5,000+",N/A,N/A
N/A,https://r.clutch.co/redirect?analyticsjs=true&category=Blockchain&content_group=directory&debug_mode=false&event_category=visit_website&event_label=2533409&from_page=https%3A%2F%2Fclutch.co%2Fdevelopers%2Fblockchain&is_sponsor=false&keyword=Blockchain&no_click=1&page_canonical_id=1044000000000&page_location=https%3A%2F%2Fclutch.co%2Fdevelopers%2Fblockchain&page_number=0&page_type=directory&pid=2533409&position=44&source=directory&trace_id=9cc2550d8d7247be&transport_url=https%3A%2F%2Fg.clutch.co&u=https%3A%2F%2Fiterate.co,N/A,N/A,N/A,$150 - $199 / hr,"$100,000+",N/A,N/A
N/A,https://r.clutch.co/redirect?analyticsjs=true&category=Blockchain&content_group=directory&debug_mode=false&event_category=visit_website&event_label=2098385&from_page=https%3A%2F%2Fclutch.co%2Fdevelopers%2Fblockchain&is_sponsor=false&keyword=Blockchain&no_click=1&page_canonical_id=1044000000000&page_location=https%3A%2F%2Fclutch.co%2Fdevelopers%2Fblockchain&page_number=0&page_type=directory&pid=2098385&position=45&source=directory&trace_id=9cc2550d8d7247be&transport_url=https%3A%2F%2Fg.clutch.co&u=https%3A%2F%2Fbrightnode.io%2F%3Futm_source%3Dclutch.co%26utm_medium%3Dreferral%26utm_campaign%3Ddirectory,N/A,N/A,N/A,Undisclosed,"$25,000+",N/A,N/A
N/A,https://r.clutch.co/redirect?analyticsjs=true&category=Blockchain&content_group=directory&debug_mode=false&event_category=visit_website&event_label=2203965&from_page=https%3A%2F%2Fclutch.co%2Fdevelopers%2Fblockchain&is_sponsor=false&keyword=Blockchain&no_click=1&page_canonical_id=1044000000000&page_location=https%3A%2F%2Fclutch.co%2Fdevelopers%2Fblockchain&page_number=0&page_type=directory&pid=2203965&position=46&source=directory&trace_id=9cc2550d8d7247be&transport_url=https%3A%2F%2Fg.clutch.co&u=https%3A%2F%2Fnxtlabs.com%2F%3Futm_source%3Dclutch.co%26utm_medium%3Dreferral%26utm_campaign%3Ddirectory,N/A,N/A,N/A,< $25 / hr,"$5,000+",N/A,N/A
N/A,https://r.clutch.co/redirect?analyticsjs=true&category=Blockchain&content_group=directory&debug_mode=false&event_category=visit_website&event_label=2017905&from_page=https%3A%2F%2Fclutch.co%2Fdevelopers%2Fblockchain&is_sponsor=false&keyword=Blockchain&no_click=1&page_canonical_id=1044000000000&page_location=https%3A%2F%2Fclutch.co%2Fdevelopers%2Fblockchain&page_number=0&page_type=directory&pid=2017905&position=47&source=directory&trace_id=9cc2550d8d7247be&transport_url=https%3A%2F%2Fg.clutch.co&u=https%3A%2F%2Fwww.thespian.eu%3Futm_source%3Dclutch.co%26utm_medium%3Dreferral%26utm_campaign%3Ddevelopers-blockchain,N/A,N/A,N/A,$50 - $99 / hr,"$10,000+",N/A,N/A
N/A,https://r.clutch.co/redirect?analyticsjs=true&category=Blockchain&content_group=directory&debug_mode=false&event_category=visit_website&event_label=1223703&from_page=https%3A%2F%2Fclutch.co%2Fdevelopers%2Fblockchain&is_sponsor=false&keyword=Blockchain&no_click=1&page_canonical_id=1044000000000&page_location=https%3A%2F%2Fclutch.co%2Fdevelopers%2Fblockchain&page_number=0&page_type=directory&pid=1223703&position=48&source=directory&trace_id=9cc2550d8d7247be&transport_url=https%3A%2F%2Fg.clutch.co&u=http%3A%2F%2Fwww.qtwinsoft.com%3Futm_source%3Dclutch.co%26utm_medium%3Dreferral%26utm_campaign%3Ddirectory,N/A,N/A,N/A,$25 - $49 / hr,"$1,000+",N/A,N/A
N/A,https://r.clutch.co/redirect?analyticsjs=true&category=Blockchain&content_group=directory&debug_mode=false&event_category=visit_website&event_label=1831878&from_page=https%3A%2F%2Fclutch.co%2Fdevelopers%2Fblockchain&is_sponsor=false&keyword=Blockchain&no_click=1&page_canonical_id=1044000000000&page_location=https%3A%2F%2Fclutch.co%2Fdevelopers%2Fblockchain&page_number=0&page_type=directory&pid=1831878&position=49&source=directory&trace_id=9cc2550d8d7247be&transport_url=https%3A%2F%2Fg.clutch.co&u=https%3A%2F%2Ftakshitsolutions.com%3Futm_source%3Dclutch.co%26utm_medium%3Dreferral%26utm_campaign%3Dweb-developers,N/A,N/A,N/A,$25 - $49 / hr,"$1,000+",N/A,N/A
N/A,https://r.clutch.co/redirect?analyticsjs=true&category=Blockchain&content_group=directory&debug_mode=false&event_category=visit_website&event_label=17440&from_page=https%3A%2F%2Fclutch.co%2Fdevelopers%2Fblockchain&is_sponsor=false&keyword=Blockchain&no_click=1&page_canonical_id=1044000000000&page_location=https%3A%2F%2Fclutch.co%2Fdevelopers%2Fblockchain&page_number=0&page_type=directory&pid=17440&position=50&source=directory&trace_id=9cc2550d8d7247be&transport_url=https%3A%2F%2Fg.clutch.co&u=https%3A%2F%2Fwww.addwebsolution.com%2F%3Futm_source%3Dclutch.co%26utm_medium%3Dreferral%26utm_campaign%3Ddirectory,N/A,N/A,N/A,< $25 / hr,"$5,000+",N/A,N/A
N/A,https://r.clutch.co/redirect?analyticsjs=true&category=Blockchain&content_group=leaders_matrix&debug_mode=false&event_category=visit_website&event_label=574943&from_page=https%3A%2F%2Fclutch.co%2Fdevelopers%2Fblockchain&is_sponsor=true&keyword=Blockchain&link_type=sponsor&no_click=1&page_canonical_id=1044000000000&page_location=https%3A%2F%2Fclutch.co%2Fdevelopers%2Fblockchain&page_type=leaders_matrix&pid=574943&position=1&source=directory&trace_id=9cc2550d8d7247be&transport_url=https%3A%2F%2Fg.clutch.co&u=https%3A%2F%2Fpeiko.space%3Futm_source%3Dclutch.co%26utm_medium%3Dreferral%26utm_campaign%3Ddevelopers-blockchain,N/A,N/A,N/A,$25 - $49 / hr,"$10,000+",N/A,N/A
N/A,https://r.clutch.co/redirect?analyticsjs=true&category=Blockchain&content_group=leaders_matrix&debug_mode=false&event_category=visit_website&event_label=30721&from_page=https%3A%2F%2Fclutch.co%2Fdevelopers%2Fblockchain&is_sponsor=false&keyword=Blockchain&no_click=1&page_canonical_id=1044000000000&page_location=https%3A%2F%2Fclutch.co%2Fdevelopers%2Fblockchain&page_type=leaders_matrix&pid=30721&position=2&source=directory&trace_id=9cc2550d8d7247be&transport_url=https%3A%2F%2Fg.clutch.co&u=https%3A%2F%2Fwww.4soft.co%2Fblockchain%3Futm_source%3Dclutch.co%26utm_medium%3Dreferral%26utm_campaign%3Ddevelopers-blockchain,N/A,N/A,N/A,$50 - $99 / hr,"$10,000+",N/A,N/A
N/A,https://r.clutch.co/redirect?analyticsjs=true&category=Blockchain&content_group=leaders_matrix&debug_mode=false&event_category=visit_website&event_label=1074211&from_page=https%3A%2F%2Fclutch.co%2Fdevelopers%2Fblockchain&is_sponsor=true&keyword=Blockchain&link_type=sponsor&no_click=1&page_canonical_id=1044000000000&page_location=https%3A%2F%2Fclutch.co%2Fdevelopers%2Fblockchain&page_type=leaders_matrix&pid=1074211&position=3&source=directory&trace_id=9cc2550d8d7247be&transport_url=https%3A%2F%2Fg.clutch.co&u=https%3A%2F%2Fspacedev.io%3Futm_source%3Dclutch.co%26utm_medium%3Dreferral%26utm_campaign%3Ddevelopers-blockchain,N/A,N/A,N/A,$50 - $99 / hr,"$25,000+",N/A,N/A
N/A,https://r.clutch.co/redirect?analyticsjs=true&category=Blockchain&content_group=leaders_matrix&debug_mode=false&event_category=visit_website&event_label=384946&from_page=https%3A%2F%2Fclutch.co%2Fdevelopers%2Fblockchain&is_sponsor=false&keyword=Blockchain&no_click=1&page_canonical_id=1044000000000&page_location=https%3A%2F%2Fclutch.co%2Fdevelopers%2Fblockchain&page_type=leaders_matrix&pid=384946&position=4&source=directory&trace_id=9cc2550d8d7247be&transport_url=https%3A%2F%2Fg.clutch.co&u=https%3A%2F%2Fwww.antiersolutions.com%2F%3Futm_source%3Dclutch.co%26utm_medium%3Dreferral%26utm_campaign%3Ddevelopers-blockchain,N/A,N/A,N/A,$25 - $49 / hr,"$10,000+",N/A,N/A
N/A,https://r.clutch.co/redirect?analyticsjs=true&category=Blockchain&content_group=leaders_matrix&debug_mode=false&event_category=visit_website&event_label=99261&from_page=https%3A%2F%2Fclutch.co%2Fdevelopers%2Fblockchain&is_sponsor=true&keyword=Blockchain&link_type=sponsor&no_click=1&page_canonical_id=1044000000000&page_location=https%3A%2F%2Fclutch.co%2Fdevelopers%2Fblockchain&page_type=leaders_matrix&pid=99261&position=5&source=directory&trace_id=9cc2550d8d7247be&transport_url=https%3A%2F%2Fg.clutch.co&u=https%3A%2F%2Fnetsetsoftware.com%2Fservices%2Fblockchain-development-company.html%3Futm_source%3Dclutch.co%26utm_medium%3Dreferral%26utm_campaign%3Ddevelopers-blockchain,N/A,N/A,N/A,$25 - $49 / hr,"$10,000+",N/A,N/A
N/A,https://r.clutch.co/redirect?analyticsjs=true&category=Blockchain&content_group=leaders_matrix&debug_mode=false&event_category=visit_website&event_label=46334&from_page=https%3A%2F%2Fclutch.co%2Fdevelopers%2Fblockchain&is_sponsor=false&keyword=Blockchain&no_click=1&page_canonical_id=1044000000000&page_location=https%3A%2F%2Fclutch.co%2Fdevelopers%2Fblockchain&page_type=leaders_matrix&pid=46334&position=6&source=directory&trace_id=9cc2550d8d7247be&transport_url=https%3A%2F%2Fg.clutch.co&u=https%3A%2F%2Fdevtechnosys.com%2Fblockchain-development-company.php,N/A,N/A,N/A,$25 - $49 / hr,"$10,000+",N/A,N/A
N/A,https://r.clutch.co/redirect?analyticsjs=true&category=Blockchain&content_group=leaders_matrix&debug_mode=false&event_category=visit_website&event_label=488176&from_page=https%3A%2F%2Fclutch.co%2Fdevelopers%2Fblockchain&is_sponsor=false&keyword=Blockchain&no_click=1&page_canonical_id=1044000000000&page_location=https%3A%2F%2Fclutch.co%2Fdevelopers%2Fblockchain&page_type=leaders_matrix&pid=488176&position=7&source=directory&trace_id=9cc2550d8d7247be&transport_url=https%3A%2F%2Fg.clutch.co&u=https%3A%2F%2Fwebisoft.com%2Fblockchain-development%3Futm_source%3Dclutch.co%26utm_medium%3Dreferral%26utm_campaign%3Dtop-blockchain-companies,N/A,N/A,N/A,$50 - $99 / hr,"$5,000+",N/A,N/A
N/A,https://r.clutch.co/redirect?analyticsjs=true&category=Blockchain&content_group=leaders_matrix&debug_mode=false&event_category=visit_website&event_label=71994&from_page=https%3A%2F%2Fclutch.co%2Fdevelopers%2Fblockchain&is_sponsor=true&keyword=Blockchain&link_type=sponsor&no_click=1&page_canonical_id=1044000000000&page_location=https%3A%2F%2Fclutch.co%2Fdevelopers%2Fblockchain&page_type=leaders_matrix&pid=71994&position=8&source=directory&trace_id=9cc2550d8d7247be&transport_url=https%3A%2F%2Fg.clutch.co&u=https%3A%2F%2Fpixelplex.io%2F%3Futm_source%3Dclutch%26utm_medium%3Dreferral%26utm_campaign%3Ddevelopers-blockchain,N/A,N/A,N/A,$50 - $99 / hr,"$25,000+",N/A,N/A
N/A,https://r.clutch.co/redirect?analyticsjs=true&category=Blockchain&content_group=leaders_matrix&debug_mode=false&event_category=visit_website&event_label=1276050&from_page=https%3A%2F%2Fclutch.co%2Fdevelopers%2Fblockchain&is_sponsor=true&keyword=Blockchain&link_type=sponsor&no_click=1&page_canonical_id=1044000000000&page_location=https%3A%2F%2Fclutch.co%2Fdevelopers%2Fblockchain&page_type=leaders_matrix&pid=1276050&position=9&source=directory&trace_id=9cc2550d8d7247be&transport_url=https%3A%2F%2Fg.clutch.co&u=https%3A%2F%2Fevacodes.com%2F%3Futm_source%3Dclutch.co%26utm_medium%3Dreferral%26utm_campaign%3Ddevelopers-blockchain,N/A,N/A,N/A,$25 - $49 / hr,"$25,000+",N/A,N/A
N/A,https://r.clutch.co/redirect?analyticsjs=true&category=Blockchain&content_group=leaders_matrix&debug_mode=false&event_category=visit_website&event_label=697621&from_page=https%3A%2F%2Fclutch.co%2Fdevelopers%2Fblockchain&is_sponsor=false&keyword=Blockchain&no_click=1&page_canonical_id=1044000000000&page_location=https%3A%2F%2Fclutch.co%2Fdevelopers%2Fblockchain&page_type=leaders_matrix&pid=697621&position=10&source=directory&trace_id=9cc2550d8d7247be&transport_url=https%3A%2F%2Fg.clutch.co&u=https%3A%2F%2Fwww.sotatek.com%2F%3Futm_source%3Dclutch%26utm_medium%3Dreferral%26utm_campaign%3Dclutch,N/A,N/A,N/A,$25 - $49 / hr,"$10,000+",N/A,N/A
N/A,https://r.clutch.co/redirect?analyticsjs=true&category=Blockchain&content_group=leaders_matrix&debug_mode=false&event_category=visit_website&event_label=19430&from_page=https%3A%2F%2Fclutch.co%2Fdevelopers%2Fblockchain&is_sponsor=false&keyword=Blockchain&no_click=1&page_canonical_id=1044000000000&page_location=https%3A%2F%2Fclutch.co%2Fdevelopers%2Fblockchain&page_type=leaders_matrix&pid=19430&position=11&source=directory&trace_id=9cc2550d8d7247be&transport_url=https%3A%2F%2Fg.clutch.co&u=https%3A%2F%2Fwww.altoroslabs.com%2F%3Futm_medium%3Dreferral%26utm_source%3Dclutch%26utm_campaign%3Dprofile,N/A,N/A,N/A,$50 - $99 / hr,"$25,000+",N/A,N/A
N/A,https://r.clutch.co/redirect?analyticsjs=true&category=Blockchain&content_group=leaders_matrix&debug_mode=false&event_category=visit_website&event_label=601113&from_page=https%3A%2F%2Fclutch.co%2Fdevelopers%2Fblockchain&is_sponsor=false&keyword=Blockchain&no_click=1&page_canonical_id=1044000000000&page_location=https%3A%2F%2Fclutch.co%2Fdevelopers%2Fblockchain&page_type=leaders_matrix&pid=601113&position=12&source=directory&trace_id=9cc2550d8d7247be&transport_url=https%3A%2F%2Fg.clutch.co&u=https%3A%2F%2Fpharosproduction.com%2F%3Futm_source%3Dclutch.co%26utm_medium%3Dreferral%26utm_campaign%3Ddevelopers-blockchain,N/A,N/A,N/A,$25 - $49 / hr,"$10,000+",N/A,N/A
N/A,https://r.clutch.co/redirect?analyticsjs=true&category=Blockchain&content_group=leaders_matrix&debug_mode=false&event_category=visit_website&event_label=802189&from_page=https%3A%2F%2Fclutch.co%2Fdevelopers%2Fblockchain&is_sponsor=false&keyword=Blockchain&no_click=1&page_canonical_id=1044000000000&page_location=https%3A%2F%2Fclutch.co%2Fdevelopers%2Fblockchain&page_type=leaders_matrix&pid=802189&position=13&source=directory&trace_id=9cc2550d8d7247be&transport_url=https%3A%2F%2Fg.clutch.co&u=https%3A%2F%2Finterexy.com%2F,N/A,N/A,N/A,$25 - $49 / hr,"$10,000+",N/A,N/A
N/A,https://r.clutch.co/redirect?analyticsjs=true&category=Blockchain&content_group=leaders_matrix&debug_mode=false&event_category=visit_website&event_label=607483&from_page=https%3A%2F%2Fclutch.co%2Fdevelopers%2Fblockchain&is_sponsor=false&keyword=Blockchain&no_click=1&page_canonical_id=1044000000000&page_location=https%3A%2F%2Fclutch.co%2Fdevelopers%2Fblockchain&page_type=leaders_matrix&pid=607483&position=14&source=directory&trace_id=9cc2550d8d7247be&transport_url=https%3A%2F%2Fg.clutch.co&u=https%3A%2F%2Fwww.technoloader.com%2Fblockchain-development-company%3Futm_source%3Dclutch.co%26utm_medium%3Dreferral%26utm_campaign%3Ddevelopers-blockchain,N/A,N/A,N/A,$25 - $49 / hr,"$5,000+",N/A,N/A
N/A,https://r.clutch.co/redirect?analyticsjs=true&category=Blockchain&content_group=leaders_matrix&debug_mode=false&event_category=visit_website&event_label=1183902&from_page=https%3A%2F%2Fclutch.co%2Fdevelopers%2Fblockchain&is_sponsor=false&keyword=Blockchain&no_click=1&page_canonical_id=1044000000000&page_location=https%3A%2F%2Fclutch.co%2Fdevelopers%2Fblockchain&page_type=leaders_matrix&pid=1183902&position=15&source=directory&trace_id=9cc2550d8d7247be&transport_url=https%3A%2F%2Fg.clutch.co&u=https%3A%2F%2Finc4.net%2Fwelcome-from-clutch%2F%3Futm_source%3Dclutch.co%26utm_medium%3Dreferral%26utm_campaign%3Ddevelopers-blockchain,N/A,N/A,N/A,$25 - $49 / hr,"$25,000+",N/A,N/A
N/A,https://r.clutch.co/redirect?analyticsjs=true&category=Blockchain&content_group=leaders_matrix&debug_mode=false&event_category=visit_website&event_label=2056860&from_page=https%3A%2F%2Fclutch.co%2Fdevelopers%2Fblockchain&is_sponsor=false&keyword=Blockchain&no_click=1&page_canonical_id=1044000000000&page_location=https%3A%2F%2Fclutch.co%2Fdevelopers%2Fblockchain&page_type=leaders_matrix&pid=2056860&position=1&source=directory&trace_id=9cc2550d8d7247be&transport_url=https%3A%2F%2Fg.clutch.co&u=https%3A%2F%2Fhashlock.com.au%2F%3Futm_source%3Dclutch.co%26utm_medium%3Dreferral%26utm_campaign%3Ddevelopers-blockchain,N/A,N/A,N/A,$100 - $149 / hr,"$5,000+",N/A,N/A
N/A,https://r.clutch.co/redirect?analyticsjs=true&category=Blockchain&content_group=leaders_matrix&debug_mode=false&event_category=visit_website&event_label=62119&from_page=https%3A%2F%2Fclutch.co%2Fdevelopers%2Fblockchain&is_sponsor=false&keyword=Blockchain&no_click=1&page_canonical_id=1044000000000&page_location=https%3A%2F%2Fclutch.co%2Fdevelopers%2Fblockchain&page_type=leaders_matrix&pid=62119&position=2&source=directory&trace_id=9cc2550d8d7247be&transport_url=https%3A%2F%2Fg.clutch.co&u=https%3A%2F%2Fwww.systango.com%2Fservices%2Fblockchain-development-v2clutch%3Futm_source%3Dclutch%26utm_medium%3Dblockchain-sponsoredv2%26utm_campaign%3Dblockchain-development-clutchv3-sponsorship,N/A,N/A,N/A,$25 - $49 / hr,"$10,000+",N/A,N/A
N/A,https://r.clutch.co/redirect?analyticsjs=true&category=Blockchain&content_group=leaders_matrix&debug_mode=false&event_category=visit_website&event_label=72892&from_page=https%3A%2F%2Fclutch.co%2Fdevelopers%2Fblockchain&is_sponsor=false&keyword=Blockchain&no_click=1&page_canonical_id=1044000000000&page_location=https%3A%2F%2Fclutch.co%2Fdevelopers%2Fblockchain&page_type=leaders_matrix&pid=72892&position=3&source=directory&trace_id=9cc2550d8d7247be&transport_url=https%3A%2F%2Fg.clutch.co&u=https%3A%2F%2Funicsoft.com%2Fblockchain-development-services%2F%3Futm_source%3Dclutch.co%26utm_medium%3Dreferral%26utm_campaign%3Dblockchain,N/A,N/A,N/A,$25 - $49 / hr,"$25,000+",N/A,N/A
N/A,https://r.clutch.co/redirect?analyticsjs=true&category=Blockchain&content_group=leaders_matrix&debug_mode=false&event_category=visit_website&event_label=2032676&from_page=https%3A%2F%2Fclutch.co%2Fdevelopers%2Fblockchain&is_sponsor=false&keyword=Blockchain&no_click=1&page_canonical_id=1044000000000&page_location=https%3A%2F%2Fclutch.co%2Fdevelopers%2Fblockchain&page_type=leaders_matrix&pid=2032676&position=4&source=directory&trace_id=9cc2550d8d7247be&transport_url=https%3A%2F%2Fg.clutch.co&u=https%3A%2F%2Fartiffine.com%3Futm_source%3Dclutch.co%26utm_medium%3Dreferral%26utm_campaign%3Ddevelopers-blockchain,N/A,N/A,N/A,$50 - $99 / hr,"$10,000+",N/A,N/A
N/A,https://r.clutch.co/redirect?analyticsjs=true&category=Blockchain&content_group=leaders_matrix&debug_mode=false&event_category=visit_website&event_label=2469340&from_page=https%3A%2F%2Fclutch.co%2Fdevelopers%2Fblockchain&is_sponsor=false&keyword=Blockchain&no_click=1&page_canonical_id=1044000000000&page_location=https%3A%2F%2Fclutch.co%2Fdevelopers%2Fblockchain&page_type=leaders_matrix&pid=2469340&position=5&source=directory&trace_id=9cc2550d8d7247be&transport_url=https%3A%2F%2Fg.clutch.co&u=https%3A%2F%2Fcyberk.io%2F,N/A,N/A,N/A,$25 - $49 / hr,"$10,000+",N/A,N/A
N/A,https://r.clutch.co/redirect?analyticsjs=true&category=Blockchain&content_group=leaders_matrix&debug_mode=false&event_category=visit_website&event_label=1966760&from_page=https%3A%2F%2Fclutch.co%2Fdevelopers%2Fblockchain&is_sponsor=false&keyword=Blockchain&no_click=1&page_canonical_id=1044000000000&page_location=https%3A%2F%2Fclutch.co%2Fdevelopers%2Fblockchain&page_type=leaders_matrix&pid=1966760&position=6&source=directory&trace_id=9cc2550d8d7247be&transport_url=https%3A%2F%2Fg.clutch.co&u=https%3A%2F%2Fdexola.com%2F%3Futm_source%3Dclutch%26utm_medium%3Dsocial%26utm_campaign%3Dsale,N/A,N/A,N/A,$50 - $99 / hr,"$10,000+",N/A,N/A
N/A,https://r.clutch.co/redirect?analyticsjs=true&category=Blockchain&content_group=leaders_matrix&debug_mode=false&event_category=visit_website&event_label=560768&from_page=https%3A%2F%2Fclutch.co%2Fdevelopers%2Fblockchain&is_sponsor=true&keyword=Blockchain&link_type=sponsor&no_click=1&page_canonical_id=1044000000000&page_location=https%3A%2F%2Fclutch.co%2Fdevelopers%2Fblockchain&page_type=leaders_matrix&pid=560768&position=7&source=directory&trace_id=9cc2550d8d7247be&transport_url=https%3A%2F%2Fg.clutch.co&u=https%3A%2F%2Ftechalchemy.com%2Flp%2Fblockchain%2F%3Futm_source%3Dclutch.co%26utm_medium%3Dreferral%26utm_campaign%3Ddevelopers-blockchain,N/A,N/A,N/A,$25 - $49 / hr,"$25,000+",N/A,N/A
N/A,https://r.clutch.co/redirect?analyticsjs=true&category=Blockchain&content_group=leaders_matrix&debug_mode=false&event_category=visit_website&event_label=871823&from_page=https%3A%2F%2Fclutch.co%2Fdevelopers%2Fblockchain&is_sponsor=false&keyword=Blockchain&no_click=1&page_canonical_id=1044000000000&page_location=https%3A%2F%2Fclutch.co%2Fdevelopers%2Fblockchain&page_type=leaders_matrix&pid=871823&position=8&source=directory&trace_id=9cc2550d8d7247be&transport_url=https%3A%2F%2Fg.clutch.co&u=https%3A%2F%2Fwww.hashcashconsultants.com%2F%3Futm_source%3Dclutch.co%26utm_medium%3Dreferral%26utm_campaign%3Ddirectory,N/A,N/A,N/A,$50 - $99 / hr,"$5,000+",N/A,N/A
N/A,https://r.clutch.co/redirect?analyticsjs=true&category=Blockchain&content_group=leaders_matrix&debug_mode=false&event_category=visit_website&event_label=980897&from_page=https%3A%2F%2Fclutch.co%2Fdevelopers%2Fblockchain&is_sponsor=false&keyword=Blockchain&no_click=1&page_canonical_id=1044000000000&page_location=https%3A%2F%2Fclutch.co%2Fdevelopers%2Fblockchain&page_type=leaders_matrix&pid=980897&position=9&source=directory&trace_id=9cc2550d8d7247be&transport_url=https%3A%2F%2Fg.clutch.co&u=https%3A%2F%2Fwww.nadcab.com%3Futm_source%3Dclutch.co%26utm_medium%3Dreferral%26utm_campaign%3Ddevelopers-blockchain,N/A,N/A,N/A,$25 - $49 / hr,"$1,000+",N/A,N/A
N/A,https://r.clutch.co/redirect?analyticsjs=true&category=Blockchain&content_group=leaders_matrix&debug_mode=false&event_category=visit_website&event_label=938795&from_page=https%3A%2F%2Fclutch.co%2Fdevelopers%2Fblockchain&is_sponsor=true&keyword=Blockchain&link_type=sponsor&no_click=1&page_canonical_id=1044000000000&page_location=https%3A%2F%2Fclutch.co%2Fdevelopers%2Fblockchain&page_type=leaders_matrix&pid=938795&position=10&source=directory&trace_id=9cc2550d8d7247be&transport_url=https%3A%2F%2Fg.clutch.co&u=https%3A%2F%2Flabrys.io%2F%3Futm_source%3Dclutch.co%26utm_medium%3Dreferral%26utm_campaign%3Ddevelopers-blockchain,N/A,N/A,N/A,$100 - $149 / hr,"$10,000+",N/A,N/A
N/A,https://r.clutch.co/redirect?analyticsjs=true&category=Blockchain&content_group=leaders_matrix&debug_mode=false&event_category=visit_website&event_label=1991025&from_page=https%3A%2F%2Fclutch.co%2Fdevelopers%2Fblockchain&is_sponsor=false&keyword=Blockchain&no_click=1&page_canonical_id=1044000000000&page_location=https%3A%2F%2Fclutch.co%2Fdevelopers%2Fblockchain&page_type=leaders_matrix&pid=1991025&position=11&source=directory&trace_id=9cc2550d8d7247be&transport_url=https%3A%2F%2Fg.clutch.co&u=https%3A%2F%2Fsynodus.com%2F%3Futm_source%3Dclutch.co%26utm_medium%3Dreferral%26utm_campaign%3Ddevelopers-blockchain,N/A,N/A,N/A,< $25 / hr,"$5,000+",N/A,N/A
N/A,https://r.clutch.co/redirect?analyticsjs=true&category=Blockchain&content_group=leaders_matrix&debug_mode=false&event_category=visit_website&event_label=1818709&from_page=https%3A%2F%2Fclutch.co%2Fdevelopers%2Fblockchain&is_sponsor=false&keyword=Blockchain&no_click=1&page_canonical_id=1044000000000&page_location=https%3A%2F%2Fclutch.co%2Fdevelopers%2Fblockchain&page_type=leaders_matrix&pid=1818709&position=12&source=directory&trace_id=9cc2550d8d7247be&transport_url=https%3A%2F%2Fg.clutch.co&u=https%3A%2F%2Fwww.pixelettetech.com%2Fclutch%2F%3Futm_source%3Dclutch.co%26utm_medium%3Dreferral%26utm_campaign%3Ddirectory%3Futm_source%3Dclutch.co%26utm_medium%3Dreferral%26utm_campaign%3Ddevelopers-blockchain,N/A,N/A,N/A,$25 - $49 / hr,"$25,000+",N/A,N/A
N/A,https://r.clutch.co/redirect?analyticsjs=true&category=Blockchain&content_group=leaders_matrix&debug_mode=false&event_category=visit_website&event_label=537944&from_page=https%3A%2F%2Fclutch.co%2Fdevelopers%2Fblockchain&is_sponsor=false&keyword=Blockchain&no_click=1&page_canonical_id=1044000000000&page_location=https%3A%2F%2Fclutch.co%2Fdevelopers%2Fblockchain&page_type=leaders_matrix&pid=537944&position=13&source=directory&trace_id=9cc2550d8d7247be&transport_url=https%3A%2F%2Fg.clutch.co&u=https%3A%2F%2Fnewwavesolution.com%2Femerging-technology%2Fblockchain-development-services%2F%3Futm_source%3Dclutch.co%26utm_medium%3Dreferral%26utm_campaign%3Dclutch_blockchain%26utm_content%3Dtop_blockchain_companies,N/A,N/A,N/A,< $25 / hr,"$5,000+",N/A,N/A
N/A,https://r.clutch.co/redirect?analyticsjs=true&category=Blockchain&content_group=leaders_matrix&debug_mode=false&event_category=visit_website&event_label=1845125&from_page=https%3A%2F%2Fclutch.co%2Fdevelopers%2Fblockchain&is_sponsor=false&keyword=Blockchain&no_click=1&page_canonical_id=1044000000000&page_location=https%3A%2F%2Fclutch.co%2Fdevelopers%2Fblockchain&page_type=leaders_matrix&pid=1845125&position=14&source=directory&trace_id=9cc2550d8d7247be&transport_url=https%3A%2F%2Fg.clutch.co&u=https%3A%2F%2Fratherlabs.com%2F%3Futm_source%3Dclutch.co%26utm_medium%3Dreferral%26utm_campaign%3Dclutch-developers-blockchain,N/A,N/A,N/A,$50 - $99 / hr,"$10,000+",N/A,N/A
N/A,https://r.clutch.co/redirect?analyticsjs=true&category=Blockchain&content_group=leaders_matrix&debug_mode=false&event_category=visit_website&event_label=646199&from_page=https%3A%2F%2Fclutch.co%2Fdevelopers%2Fblockchain&is_sponsor=false&keyword=Blockchain&no_click=1&page_canonical_id=1044000000000&page_location=https%3A%2F%2Fclutch.co%2Fdevelopers%2Fblockchain&page_type=leaders_matrix&pid=646199&position=15&source=directory&trace_id=9cc2550d8d7247be&transport_url=https%3A%2F%2Fg.clutch.co&u=https%3A%2F%2Fhacken.io%2F%3Futm_source%3Dclutch.co%26utm_medium%3Dreferral%26utm_campaign%3Ddevelopers-blockchain,N/A,N/A,N/A,Undisclosed,"$10,000+",N/A,N/A
